parameter,importance
income,0.3405044537005169
addiction_strength,0.3257842430683547
savings_buffer,0.16929836438728002
interest_rate,0.16441293884384836
